beta_interaction,se_interaction,t_interaction,p_two_sided,effect_bps,n_train
0.021187266580906392,0.002847561707742635,7.440494273854491,1.0777026891324404e-13,211.87266580906393,11029
